run,group,policy,action,dataset,excluded_eps,batch,accum,steps,samples,final_step,exit,finished_utc,weights_gb,host,weights,config,workstation_copy
groot_wbt50_base_full,g1_wbt_handover_20261002,groot,78D,/run-output/g1_wbt_handover_20261002/datasets/handover_bottle_sonic78_50hz_261002,2,32,1,5000,160000,005000,0,2026-10-04 17:57,12.6,h100_174,/mnt/data01/jhkim/model_weight/g1_dex3_20260922/g1_wbt_handover_20261002/runs/groot_wbt50_base_full/checkpoints/last/pretrained_model,/mnt/data01/jhkim/model_weight/g1_dex3_20260922/g1_wbt_handover_20261002/configs/groot_wbt50_base_full.json,
groot_wbt50_he_full,g1_wbt_handover_20261002,groot,78D,/run-output/g1_wbt_handover_20261002/datasets/handover_bottle_sonic78_50hz_261002,2,32,1,5000,160000,005000,0,2026-10-05 02:12,12.6,h100_174,/mnt/data01/jhkim/model_weight/g1_dex3_20260922/g1_wbt_handover_20261002/runs/groot_wbt50_he_full/checkpoints/last/pretrained_model,/mnt/data01/jhkim/model_weight/g1_dex3_20260922/g1_wbt_handover_20261002/configs/groot_wbt50_he_full.json,/mnt/data/jihun/g1_models/wbt_groot_he_full
pi05_wbt50_base_full,g1_wbt_handover_20261002,pi05,78D,/run-output/g1_wbt_handover_20261002/datasets/handover_bottle_sonic78_50hz_261002,2,4,8,60000,240000,060000,0,2026-10-05 01:15,16.6,h100_174,/mnt/data01/jhkim/model_weight/g1_dex3_20260922/g1_wbt_handover_20261002/runs/pi05_wbt50_base_full/checkpoints/last/pretrained_model,/mnt/data01/jhkim/model_weight/g1_dex3_20260922/g1_wbt_handover_20261002/configs/pi05_wbt50_base_full.json,
pi05_wbt50_he_full,g1_wbt_handover_20261002,pi05,78D,/run-output/g1_wbt_handover_20261002/datasets/handover_bottle_sonic78_50hz_261002,2,4,8,60000,240000,060000,0,2026-10-05 09:18,16.6,h100_174,/mnt/data01/jhkim/model_weight/g1_dex3_20260922/g1_wbt_handover_20261002/runs/pi05_wbt50_he_full/checkpoints/last/pretrained_model,/mnt/data01/jhkim/model_weight/g1_dex3_20260922/g1_wbt_handover_20261002/configs/pi05_wbt50_he_full.json,/mnt/data/jihun/g1_models/wbt_pi05_he_full
psi0_wbt50_base_full,g1_wbt_handover_20261002,psi0,78D,/run-output/g1_wbt_handover_20261002/datasets/handover_bottle_sonic78_50hz_261002,2,16,8,10000,160000,010000,0,2026-10-02 11:54,11.2,h100_174,/mnt/data01/jhkim/model_weight/g1_dex3_20260922/g1_wbt_handover_20261002/runs/psi0_wbt50_base_full/checkpoints/last/pretrained_model,/mnt/data01/jhkim/model_weight/g1_dex3_20260922/g1_wbt_handover_20261002/configs/psi0_wbt50_base_full.json,
psi0_wbt50_he_full,g1_wbt_handover_20261002,psi0,78D,/run-output/g1_wbt_handover_20261002/datasets/handover_bottle_sonic78_50hz_261002,2,16,8,10000,160000,010000,0,2026-10-05 13:39,11.2,h100_174,/mnt/data01/jhkim/model_weight/g1_dex3_20260922/g1_wbt_handover_20261002/runs/psi0_wbt50_he_full/checkpoints/last/pretrained_model,/mnt/data01/jhkim/model_weight/g1_dex3_20260922/g1_wbt_handover_20261002/configs/psi0_wbt50_he_full.json,
xr1_wbt50_base_full,g1_wbt_handover_20261002,xiaomi_robotics,78D,/run-output/g1_wbt_handover_20261002/datasets/handover_bottle_sonic78_50hz_261002,2,16,3,7500,120000,007500,0,2026-10-04 17:08,10.2,h100_174,/mnt/data01/jhkim/model_weight/g1_dex3_20260922/g1_wbt_handover_20261002/runs/xr1_wbt50_base_full/checkpoints/last/pretrained_model,/mnt/data01/jhkim/model_weight/g1_dex3_20260922/g1_wbt_handover_20261002/configs/xr1_wbt50_base_full.json,
xr1_wbt50_he_full,g1_wbt_handover_20261002,xiaomi_robotics,78D,/run-output/g1_wbt_handover_20261002/datasets/handover_bottle_sonic78_50hz_261002,2,16,3,7500,120000,007500,0,2026-10-05 11:43,10.2,h100_174,/mnt/data01/jhkim/model_weight/g1_dex3_20260922/g1_wbt_handover_20261002/runs/xr1_wbt50_he_full/checkpoints/last/pretrained_model,/mnt/data01/jhkim/model_weight/g1_dex3_20260922/g1_wbt_handover_20261002/configs/xr1_wbt50_he_full.json,
act_sonic78sonicstate_ho5_official_full,humanoid_everyday_g1_20260923,act,78D,/run-output/humanoid_everyday_g1_20260923/datasets/sonic78_nolimit_sonicstate,226,8,1,200000,1600000,200000,0,2026-09-29 12:50,0.2,h100,/mnt/data01/jhkim/model_weight/g1_dex3_20260922/humanoid_everyday_g1_20260923/runs/act_sonic78sonicstate_ho5_official_full/checkpoints/last/pretrained_model,/mnt/data01/jhkim/model_weight/g1_dex3_20260922/humanoid_everyday_g1_20260923/configs/act_sonic78sonicstate_ho5_official_full.json,/mnt/data/jihun/g1_models/he_act_sonic78sonicstate_ho5_official_full
diffusion_sonic78sonicstate_ho5_official_full,humanoid_everyday_g1_20260923,diffusion,78D,/run-output/humanoid_everyday_g1_20260923/datasets/sonic78_nolimit_sonicstate,226,64,1,200000,12800000,200000,0,2026-09-30 15:12,1.1,h100,/mnt/data01/jhkim/model_weight/g1_dex3_20260922/humanoid_everyday_g1_20260923/runs/diffusion_sonic78sonicstate_ho5_official_full/checkpoints/last/pretrained_model,/mnt/data01/jhkim/model_weight/g1_dex3_20260922/humanoid_everyday_g1_20260923/configs/diffusion_sonic78sonicstate_ho5_official_full.json,/mnt/data/jihun/g1_models/he_diffusion_sonic78sonicstate_ho5_official_full
fastwam_sonic78sonicstate_ho5_official_full,humanoid_everyday_g1_20260923,fastwam,78D,/run-output/humanoid_everyday_g1_20260923/datasets/sonic78_nolimit_sonicstate,226,8,2,60000,480000,060000,0,2026-10-03 07:14,12.0,h100,/mnt/data01/jhkim/model_weight/g1_dex3_20260922/humanoid_everyday_g1_20260923/runs/fastwam_sonic78sonicstate_ho5_official_full/checkpoints/last/pretrained_model,/mnt/data01/jhkim/model_weight/g1_dex3_20260922/humanoid_everyday_g1_20260923/configs/fastwam_sonic78sonicstate_ho5_official_full.json,
groot_joint28_ho5_official_full,humanoid_everyday_g1_20260923,groot,28D,/run-output/humanoid_everyday_g1_20260923/datasets/joint28_g2,226,32,1,20000,640000,020000,0,2026-10-02 15:30,12.6,h100_174,/mnt/data01/jhkim/model_weight/g1_dex3_20260922/humanoid_everyday_g1_20260923/runs/groot_joint28_ho5_official_full/checkpoints/last/pretrained_model,/mnt/data01/jhkim/model_weight/g1_dex3_20260922/humanoid_everyday_g1_20260923/configs/groot_joint28_ho5_official_full.json,
groot_joint28_ho5_official_smoke,humanoid_everyday_g1_20260923,groot,28D,/run-output/humanoid_everyday_g1_20260923/datasets/joint28_g2,226,32,1,20,640,000020,0,2026-10-02 12:16,12.6,h100_174,/mnt/data01/jhkim/model_weight/g1_dex3_20260922/humanoid_everyday_g1_20260923/runs/groot_joint28_ho5_official_smoke/checkpoints/last/pretrained_model,/mnt/data01/jhkim/model_weight/g1_dex3_20260922/humanoid_everyday_g1_20260923/configs/groot_joint28_ho5_official_smoke.json,
groot_sonic78sonicstate_ho5_official_full,humanoid_everyday_g1_20260923,groot,78D,/run-output/humanoid_everyday_g1_20260923/datasets/sonic78_nolimit_sonicstate,226,32,1,20000,640000,020000,0,2026-09-29 10:13,12.6,h100,/mnt/data01/jhkim/model_weight/g1_dex3_20260922/humanoid_everyday_g1_20260923/runs/groot_sonic78sonicstate_ho5_official_full/checkpoints/last/pretrained_model,/mnt/data01/jhkim/model_weight/g1_dex3_20260922/humanoid_everyday_g1_20260923/configs/groot_sonic78sonicstate_ho5_official_full.json,/mnt/data/jihun/g1_models/he_groot_sonic78sonicstate_ho5_official_full
groot_sonic78sonicstate_ho5_official_full,humanoid_everyday_g1_20260923,groot,78D,/run-output/humanoid_everyday_g1_20260923/datasets/sonic78_nolimit_sonicstate,226,32,1,20000,640000,020000,,2026-09-29 10:13,12.6,h100_174,/mnt/data01/jhkim/model_weight/g1_dex3_20260922/humanoid_everyday_g1_20260923/runs/groot_sonic78sonicstate_ho5_official_full/checkpoints/last/pretrained_model,,/mnt/data/jihun/g1_models/he_groot_sonic78sonicstate_ho5_official_full
molmoact2_sonic78sonicstate_ho5_official_full,humanoid_everyday_g1_20260923,molmoact2,78D,/run-output/humanoid_everyday_g1_20260923/datasets/sonic78_nolimit_sonicstate,226,8,2,100000,800000,100000,0,2026-10-02 05:02,12.0,h100,/mnt/data01/jhkim/model_weight/g1_dex3_20260922/humanoid_everyday_g1_20260923/runs/molmoact2_sonic78sonicstate_ho5_official_full/checkpoints/last/pretrained_model,/mnt/data01/jhkim/model_weight/g1_dex3_20260922/humanoid_everyday_g1_20260923/configs/molmoact2_sonic78sonicstate_ho5_official_full.json,
pi05_sonic78sonicstate_ho5_official_full,humanoid_everyday_g1_20260923,pi05,78D,/run-output/humanoid_everyday_g1_20260923/datasets/sonic78_nolimit_sonicstate,226,8,4,120000,960000,120000,0,2026-09-30 07:21,16.6,h100,/mnt/data01/jhkim/model_weight/g1_dex3_20260922/humanoid_everyday_g1_20260923/runs/pi05_sonic78sonicstate_ho5_official_full/checkpoints/last/pretrained_model,/mnt/data01/jhkim/model_weight/g1_dex3_20260922/humanoid_everyday_g1_20260923/configs/pi05_sonic78sonicstate_ho5_official_full.json,/mnt/data/jihun/g1_models/he_pi05_sonic78sonicstate_ho5_official_full
psi0_joint28_ho5_matched640k,humanoid_everyday_g1_20260923,psi0,28D,/run-output/humanoid_everyday_g1_20260923/datasets/joint28_g2,226,16,8,40000,640000,040000,0,2026-10-02 17:34,11.2,h100,/mnt/data01/jhkim/model_weight/g1_dex3_20260922/humanoid_everyday_g1_20260923/runs/psi0_joint28_ho5_matched640k/checkpoints/last/pretrained_model,/mnt/data01/jhkim/model_weight/g1_dex3_20260922/humanoid_everyday_g1_20260923/configs/psi0_joint28_ho5_matched640k.json,
psi0_joint28_ho5_official_smoke,humanoid_everyday_g1_20260923,psi0,28D,/run-output/humanoid_everyday_g1_20260923/datasets/joint28_g2,226,16,8,200,3200,000200,0,2026-09-30 09:53,11.2,h100,/mnt/data01/jhkim/model_weight/g1_dex3_20260922/humanoid_everyday_g1_20260923/runs/psi0_joint28_ho5_official_smoke/checkpoints/last/pretrained_model,/mnt/data01/jhkim/model_weight/g1_dex3_20260922/humanoid_everyday_g1_20260923/configs/psi0_joint28_ho5_official_smoke.json,
psi0_joint28_ho5_official_smoke_amo36,humanoid_everyday_g1_20260923,psi0,28D,/run-output/humanoid_everyday_g1_20260923/datasets/joint28_g2,226,32,4,200,6400,000200,0,2026-09-30 03:37,6.3,h100,/mnt/data01/jhkim/model_weight/g1_dex3_20260922/humanoid_everyday_g1_20260923/runs/psi0_joint28_ho5_official_smoke_amo36/checkpoints/last/pretrained_model,,
psi0_sonic78sonicstate_ho5_jitter640k_full,humanoid_everyday_g1_20260923,psi0,78D,/run-output/humanoid_everyday_g1_20260923/datasets/sonic78_nolimit_sonicstate,226,16,8,40000,640000,040000,0,2026-10-06 14:04,11.2,h100,/mnt/data01/jhkim/model_weight/g1_dex3_20260922/humanoid_everyday_g1_20260923/runs/psi0_sonic78sonicstate_ho5_jitter640k_full/checkpoints/last/pretrained_model,/mnt/data01/jhkim/model_weight/g1_dex3_20260922/humanoid_everyday_g1_20260923/configs/psi0_sonic78sonicstate_ho5_jitter640k_full.json,
psi0_sonic78sonicstate_ho5_jitter640k_smoke,humanoid_everyday_g1_20260923,psi0,78D,/run-output/humanoid_everyday_g1_20260923/datasets/sonic78_nolimit_sonicstate,226,16,8,200,3200,000200,0,2026-10-06 08:08,11.2,h100,/mnt/data01/jhkim/model_weight/g1_dex3_20260922/humanoid_everyday_g1_20260923/runs/psi0_sonic78sonicstate_ho5_jitter640k_smoke/checkpoints/last/pretrained_model,/mnt/data01/jhkim/model_weight/g1_dex3_20260922/humanoid_everyday_g1_20260923/configs/psi0_sonic78sonicstate_ho5_jitter640k_smoke.json,
psi0_sonic78sonicstate_ho5_matched640k,humanoid_everyday_g1_20260923,psi0,78D,/run-output/humanoid_everyday_g1_20260923/datasets/sonic78_nolimit_sonicstate,226,16,8,40000,640000,040000,0,2026-10-02 11:39,11.2,h100,/mnt/data01/jhkim/model_weight/g1_dex3_20260922/humanoid_everyday_g1_20260923/runs/psi0_sonic78sonicstate_ho5_matched640k/checkpoints/last/pretrained_model,/mnt/data01/jhkim/model_weight/g1_dex3_20260922/humanoid_everyday_g1_20260923/configs/psi0_sonic78sonicstate_ho5_matched640k.json,/mnt/data/jihun/g1_models/he_psi0_sonic78sonicstate_ho5_matched640k
psi0_sonic78sonicstate_ho5_official_smoke,humanoid_everyday_g1_20260923,psi0,78D,/run-output/humanoid_everyday_g1_20260923/datasets/sonic78_nolimit_sonicstate,226,16,8,200,3200,000200,0,2026-09-30 03:50,11.2,h100,/mnt/data01/jhkim/model_weight/g1_dex3_20260922/humanoid_everyday_g1_20260923/runs/psi0_sonic78sonicstate_ho5_official_smoke/checkpoints/last/pretrained_model,/mnt/data01/jhkim/model_weight/g1_dex3_20260922/humanoid_everyday_g1_20260923/configs/psi0_sonic78sonicstate_ho5_official_smoke.json,
vla_jepa_sonic78sonicstate_ho5_official_full,humanoid_everyday_g1_20260923,vla_jepa,78D,/run-output/humanoid_everyday_g1_20260923/datasets/sonic78_nolimit_sonicstate,226,8,4,120000,960000,120000,0,2026-10-01 03:13,11.1,h100,/mnt/data01/jhkim/model_weight/g1_dex3_20260922/humanoid_everyday_g1_20260923/runs/vla_jepa_sonic78sonicstate_ho5_official_full/checkpoints/last/pretrained_model,/mnt/data01/jhkim/model_weight/g1_dex3_20260922/humanoid_everyday_g1_20260923/configs/vla_jepa_sonic78sonicstate_ho5_official_full.json,/mnt/data/jihun/g1_models/he_vla_jepa_sonic78sonicstate_ho5_official_full
xr1_joint28_ho5_official_full,humanoid_everyday_g1_20260923,xiaomi_robotics,28D,/run-output/humanoid_everyday_g1_20260923/datasets/joint28_g2,226,16,3,30000,480000,030000,0,2026-09-30 17:56,10.2,h100,/mnt/data01/jhkim/model_weight/g1_dex3_20260922/humanoid_everyday_g1_20260923/runs/xr1_joint28_ho5_official_full/checkpoints/last/pretrained_model,/mnt/data01/jhkim/model_weight/g1_dex3_20260922/humanoid_everyday_g1_20260923/configs/xr1_joint28_ho5_official_full.json,
xr1_joint28_ho5_official_smoke,humanoid_everyday_g1_20260923,xiaomi_robotics,28D,/run-output/humanoid_everyday_g1_20260923/datasets/joint28_g2,226,16,3,90,1440,000090,0,2026-09-30 03:56,10.2,h100,/mnt/data01/jhkim/model_weight/g1_dex3_20260922/humanoid_everyday_g1_20260923/runs/xr1_joint28_ho5_official_smoke/checkpoints/last/pretrained_model,/mnt/data01/jhkim/model_weight/g1_dex3_20260922/humanoid_everyday_g1_20260923/configs/xr1_joint28_ho5_official_smoke.json,
xr1_sonic78sonicstate_ho5_nostate_full,humanoid_everyday_g1_20260923,xiaomi_robotics,78D,/run-output/humanoid_everyday_g1_20260923/datasets/sonic78_nolimit_sonicstate,226,16,3,30000,480000,030000,0,2026-10-07 09:54,10.2,h100,/mnt/data01/jhkim/model_weight/g1_dex3_20260922/humanoid_everyday_g1_20260923/runs/xr1_sonic78sonicstate_ho5_nostate_full/checkpoints/last/pretrained_model,/mnt/data01/jhkim/model_weight/g1_dex3_20260922/humanoid_everyday_g1_20260923/configs/xr1_sonic78sonicstate_ho5_nostate_full.json,/mnt/data/jihun/g1_models/he_xr1_sonic78sonicstate_ho5_nostate_full
xr1_sonic78sonicstate_ho5_nostate_smoke,humanoid_everyday_g1_20260923,xiaomi_robotics,78D,/run-output/humanoid_everyday_g1_20260923/datasets/sonic78_nolimit_sonicstate,226,16,3,90,1440,000090,0,2026-10-07 01:52,10.2,h100,/mnt/data01/jhkim/model_weight/g1_dex3_20260922/humanoid_everyday_g1_20260923/runs/xr1_sonic78sonicstate_ho5_nostate_smoke/checkpoints/last/pretrained_model,/mnt/data01/jhkim/model_weight/g1_dex3_20260922/humanoid_everyday_g1_20260923/configs/xr1_sonic78sonicstate_ho5_nostate_smoke.json,
xr1_sonic78sonicstate_ho5_official_full,humanoid_everyday_g1_20260923,xiaomi_robotics,78D,/run-output/humanoid_everyday_g1_20260923/datasets/sonic78_nolimit_sonicstate,226,16,3,30000,480000,030000,0,2026-10-01 01:55,10.2,h100,/mnt/data01/jhkim/model_weight/g1_dex3_20260922/humanoid_everyday_g1_20260923/runs/xr1_sonic78sonicstate_ho5_official_full/checkpoints/last/pretrained_model,/mnt/data01/jhkim/model_weight/g1_dex3_20260922/humanoid_everyday_g1_20260923/configs/xr1_sonic78sonicstate_ho5_official_full.json,/mnt/data/jihun/g1_models/he_xr1_sonic78sonicstate_ho5_official_full
xr1_sonic78sonicstate_ho5_official_smoke,humanoid_everyday_g1_20260923,xiaomi_robotics,78D,/run-output/humanoid_everyday_g1_20260923/datasets/sonic78_nolimit_sonicstate,226,16,3,90,1440,000090,0,2026-09-30 04:01,10.2,h100,/mnt/data01/jhkim/model_weight/g1_dex3_20260922/humanoid_everyday_g1_20260923/runs/xr1_sonic78sonicstate_ho5_official_smoke/checkpoints/last/pretrained_model,/mnt/data01/jhkim/model_weight/g1_dex3_20260922/humanoid_everyday_g1_20260923/configs/xr1_sonic78sonicstate_ho5_official_smoke.json,
xr1_sonic78sonicstate_ho5_statedrop_full,humanoid_everyday_g1_20260923,xiaomi_robotics,78D,/run-output/humanoid_everyday_g1_20260923/datasets/sonic78_nolimit_sonicstate,226,16,3,30000,480000,030000,,2026-10-07 11:07,10.2,h100,/mnt/data01/jhkim/model_weight/g1_dex3_20260922/humanoid_everyday_g1_20260923/runs/xr1_sonic78sonicstate_ho5_statedrop_full/checkpoints/last/pretrained_model,/mnt/data01/jhkim/model_weight/g1_dex3_20260922/humanoid_everyday_g1_20260923/configs/xr1_sonic78sonicstate_ho5_statedrop_full.json,
xr1_sonic78sonicstate_ho5_statedrop_full,humanoid_everyday_g1_20260923,xiaomi_robotics,78D,/run-output/humanoid_everyday_g1_20260923/datasets/sonic78_nolimit_sonicstate,226,16,3,30000,480000,030000,0,2026-10-07 11:07,10.2,h100_174,/mnt/data01/jhkim/model_weight/g1_dex3_20260922/humanoid_everyday_g1_20260923/runs/xr1_sonic78sonicstate_ho5_statedrop_full/checkpoints/last/pretrained_model,/mnt/data01/jhkim/model_weight/g1_dex3_20260922/humanoid_everyday_g1_20260923/configs/xr1_sonic78sonicstate_ho5_statedrop_full.json,
xr1_sonic78sonicstate_ho5_statedrop_smoke,humanoid_everyday_g1_20260923,xiaomi_robotics,78D,/run-output/humanoid_everyday_g1_20260923/datasets/sonic78_nolimit_sonicstate,226,16,3,90,1440,000090,0,2026-10-07 01:54,10.2,h100_174,/mnt/data01/jhkim/model_weight/g1_dex3_20260922/humanoid_everyday_g1_20260923/runs/xr1_sonic78sonicstate_ho5_statedrop_smoke/checkpoints/last/pretrained_model,/mnt/data01/jhkim/model_weight/g1_dex3_20260922/humanoid_everyday_g1_20260923/configs/xr1_sonic78sonicstate_ho5_statedrop_smoke.json,
act_sonic78sonicstate_ho5_official_full,unitree,act,78D,/run-output/datasets/sonic78_nolimit_sonicstate,158,8,1,200000,1600000,200000,0,2026-10-01 12:10,0.2,h100,/mnt/data01/jhkim/model_weight/g1_dex3_20260922/runs/act_sonic78sonicstate_ho5_official_full/checkpoints/last/pretrained_model,/mnt/data01/jhkim/model_weight/g1_dex3_20260922/configs/act_sonic78sonicstate_ho5_official_full.json,
diffusion_sonic78sonicstate_ho5_official_full,unitree,diffusion,78D,/run-output/datasets/sonic78_nolimit_sonicstate,158,64,1,200000,12800000,200000,0,2026-10-01 21:50,1.1,h100,/mnt/data01/jhkim/model_weight/g1_dex3_20260922/runs/diffusion_sonic78sonicstate_ho5_official_full/checkpoints/last/pretrained_model,/mnt/data01/jhkim/model_weight/g1_dex3_20260922/configs/diffusion_sonic78sonicstate_ho5_official_full.json,
fastwam_sonic78sonicstate_ho5_official_full,unitree,fastwam,78D,/run-output/datasets/sonic78_nolimit_sonicstate,158,8,2,60000,480000,060000,0,2026-10-04 11:01,12.0,h100,/mnt/data01/jhkim/model_weight/g1_dex3_20260922/runs/fastwam_sonic78sonicstate_ho5_official_full/checkpoints/last/pretrained_model,/mnt/data01/jhkim/model_weight/g1_dex3_20260922/configs/fastwam_sonic78sonicstate_ho5_official_full.json,
groot_sonic78sonicstate_ho5_official_full,unitree,groot,78D,/run-output/datasets/sonic78_nolimit_sonicstate,158,16,2,40000,640000,040000,0,2026-10-01 09:03,12.6,h100,/mnt/data01/jhkim/model_weight/g1_dex3_20260922/runs/groot_sonic78sonicstate_ho5_official_full/checkpoints/last/pretrained_model,/mnt/data01/jhkim/model_weight/g1_dex3_20260922/configs/groot_sonic78sonicstate_ho5_official_full.json,
molmoact2_sonic78sonicstate_ho5_official_full,unitree,molmoact2,78D,/run-output/datasets/sonic78_nolimit_sonicstate,158,8,2,100000,800000,100000,0,2026-10-04 10:47,12.0,h100,/mnt/data01/jhkim/model_weight/g1_dex3_20260922/runs/molmoact2_sonic78sonicstate_ho5_official_full/checkpoints/last/pretrained_model,/mnt/data01/jhkim/model_weight/g1_dex3_20260922/configs/molmoact2_sonic78sonicstate_ho5_official_full.json,
pi05_sonic78sonicstate_ho5_official_full,unitree,pi05,78D,/run-output/datasets/sonic78_nolimit_sonicstate,158,4,8,240000,960000,240000,0,2026-10-03 03:05,16.6,h100,/mnt/data01/jhkim/model_weight/g1_dex3_20260922/runs/pi05_sonic78sonicstate_ho5_official_full/checkpoints/last/pretrained_model,/mnt/data01/jhkim/model_weight/g1_dex3_20260922/configs/pi05_sonic78sonicstate_ho5_official_full.json,
psi0_joint28_ho5_matched640k,unitree,psi0,28D,/run-output/datasets/joint28,158,16,8,40000,640000,040000,0,2026-10-02 14:11,11.2,h100_174,/mnt/data01/jhkim/model_weight/g1_dex3_20260922/runs/psi0_joint28_ho5_matched640k/checkpoints/last/pretrained_model,/mnt/data01/jhkim/model_weight/g1_dex3_20260922/configs/psi0_joint28_ho5_matched640k.json,
psi0_joint28_ho5_official_smoke,unitree,psi0,28D,/run-output/datasets/joint28,158,16,8,200,3200,000200,0,2026-10-01 02:31,11.2,h100_174,/mnt/data01/jhkim/model_weight/g1_dex3_20260922/runs/psi0_joint28_ho5_official_smoke/checkpoints/last/pretrained_model,/mnt/data01/jhkim/model_weight/g1_dex3_20260922/configs/psi0_joint28_ho5_official_smoke.json,
psi0_joint28_ho5_official_smoke_amo36,unitree,psi0,28D,/run-output/datasets/joint28,158,32,4,200,6400,000200,0,2026-09-30 04:04,6.3,h100,/mnt/data01/jhkim/model_weight/g1_dex3_20260922/runs/psi0_joint28_ho5_official_smoke_amo36/checkpoints/last/pretrained_model,,
psi0_sonic78sonicstate_ho5_jitter640k_full,unitree,psi0,78D,/run-output/datasets/sonic78_nolimit_sonicstate,158,16,8,40000,640000,040000,0,2026-10-06 18:34,11.2,h100_174,/mnt/data01/jhkim/model_weight/g1_dex3_20260922/runs/psi0_sonic78sonicstate_ho5_jitter640k_full/checkpoints/last/pretrained_model,/mnt/data01/jhkim/model_weight/g1_dex3_20260922/configs/psi0_sonic78sonicstate_ho5_jitter640k_full.json,
psi0_sonic78sonicstate_ho5_jitter640k_smoke,unitree,psi0,78D,/run-output/datasets/sonic78_nolimit_sonicstate,158,16,8,200,3200,000200,0,2026-10-06 08:11,11.2,h100_174,/mnt/data01/jhkim/model_weight/g1_dex3_20260922/runs/psi0_sonic78sonicstate_ho5_jitter640k_smoke/checkpoints/last/pretrained_model,/mnt/data01/jhkim/model_weight/g1_dex3_20260922/configs/psi0_sonic78sonicstate_ho5_jitter640k_smoke.json,
psi0_sonic78sonicstate_ho5_matched640k,unitree,psi0,78D,/run-output/datasets/sonic78_nolimit_sonicstate,158,16,8,40000,640000,040000,0,2026-10-02 14:21,11.2,h100_174,/mnt/data01/jhkim/model_weight/g1_dex3_20260922/runs/psi0_sonic78sonicstate_ho5_matched640k/checkpoints/last/pretrained_model,/mnt/data01/jhkim/model_weight/g1_dex3_20260922/configs/psi0_sonic78sonicstate_ho5_matched640k.json,
psi0_sonic78sonicstate_ho5_official_smoke,unitree,psi0,78D,/run-output/datasets/sonic78_nolimit_sonicstate,158,16,8,200,3200,000200,0,2026-09-30 04:09,11.2,h100,/mnt/data01/jhkim/model_weight/g1_dex3_20260922/runs/psi0_sonic78sonicstate_ho5_official_smoke/checkpoints/last/pretrained_model,/mnt/data01/jhkim/model_weight/g1_dex3_20260922/configs/psi0_sonic78sonicstate_ho5_official_smoke.json,
vla_jepa_sonic78sonicstate_ho5_official_full,unitree,vla_jepa,78D,/run-output/datasets/sonic78_nolimit_sonicstate,158,8,4,120000,960000,120000,0,2026-10-03 21:51,11.1,h100,/mnt/data01/jhkim/model_weight/g1_dex3_20260922/runs/vla_jepa_sonic78sonicstate_ho5_official_full/checkpoints/last/pretrained_model,/mnt/data01/jhkim/model_weight/g1_dex3_20260922/configs/vla_jepa_sonic78sonicstate_ho5_official_full.json,
xr1_joint28_ho5_official_full,unitree,xiaomi_robotics,28D,/run-output/datasets/joint28,158,8,6,60000,480000,060000,0,2026-10-01 19:10,10.2,h100_174,/mnt/data01/jhkim/model_weight/g1_dex3_20260922/runs/xr1_joint28_ho5_official_full/checkpoints/last/pretrained_model,/mnt/data01/jhkim/model_weight/g1_dex3_20260922/configs/xr1_joint28_ho5_official_full.json,
xr1_joint28_ho5_official_smoke,unitree,xiaomi_robotics,28D,/run-output/datasets/joint28,158,8,6,90,720,000090,0,2026-09-30 05:38,10.2,h100,/mnt/data01/jhkim/model_weight/g1_dex3_20260922/runs/xr1_joint28_ho5_official_smoke/checkpoints/last/pretrained_model,/mnt/data01/jhkim/model_weight/g1_dex3_20260922/configs/xr1_joint28_ho5_official_smoke.json,
xr1_sonic78sonicstate_ho5_official_full,unitree,xiaomi_robotics,78D,/run-output/datasets/sonic78_nolimit_sonicstate,158,8,6,60000,480000,060000,0,2026-10-02 11:23,10.2,h100_174,/mnt/data01/jhkim/model_weight/g1_dex3_20260922/runs/xr1_sonic78sonicstate_ho5_official_full/checkpoints/last/pretrained_model,/mnt/data01/jhkim/model_weight/g1_dex3_20260922/configs/xr1_sonic78sonicstate_ho5_official_full.json,
xr1_sonic78sonicstate_ho5_official_smoke,unitree,xiaomi_robotics,78D,/run-output/datasets/sonic78_nolimit_sonicstate,158,8,6,90,720,000090,0,2026-09-30 05:43,10.2,h100,/mnt/data01/jhkim/model_weight/g1_dex3_20260922/runs/xr1_sonic78sonicstate_ho5_official_smoke/checkpoints/last/pretrained_model,/mnt/data01/jhkim/model_weight/g1_dex3_20260922/configs/xr1_sonic78sonicstate_ho5_official_smoke.json,
